,imgs,masks
0,/storage/workspaces/artorg_aimi/ws_00000/Negin/RETOUCH/img_dataset2/RETOUCH-TrainingSet-Spectralis/imgs_IRF/TRAIN026_18.png,/storage/workspaces/artorg_aimi/ws_00000/Negin/RETOUCH/img_dataset2/RETOUCH-TrainingSet-Spectralis/IRF/TRAIN026_18.png
1,/storage/workspaces/artorg_aimi/ws_00000/Negin/RETOUCH/img_dataset2/RETOUCH-TrainingSet-Spectralis/imgs_IRF/TRAIN046_34.png,/storage/workspaces/artorg_aimi/ws_00000/Negin/RETOUCH/img_dataset2/RETOUCH-TrainingSet-Spectralis/IRF/TRAIN046_34.png
2,/storage/workspaces/artorg_aimi/ws_00000/Negin/RETOUCH/img_dataset2/RETOUCH-TrainingSet-Spectralis/imgs_IRF/TRAIN048_39.png,/storage/workspaces/artorg_aimi/ws_00000/Negin/RETOUCH/img_dataset2/RETOUCH-TrainingSet-Spectralis/IRF/TRAIN048_39.png
3,/storage/workspaces/artorg_aimi/ws_00000/Negin/RETOUCH/img_dataset2/RETOUCH-TrainingSet-Spectralis/imgs_IRF/TRAIN048_28.png,/storage/workspaces/artorg_aimi/ws_00000/Negin/RETOUCH/img_dataset2/RETOUCH-TrainingSet-Spectralis/IRF/TRAIN048_28.png
4,/storage/workspaces/artorg_aimi/ws_00000/Negin/RETOUCH/img_dataset2/RETOUCH-TrainingSet-Spectralis/imgs_IRF/TRAIN046_23.png,/storage/workspaces/artorg_aimi/ws_00000/Negin/RETOUCH/img_dataset2/RETOUCH-TrainingSet-Spectralis/IRF/TRAIN046_23.png
5,/storage/workspaces/artorg_aimi/ws_00000/Negin/RETOUCH/img_dataset2/RETOUCH-TrainingSet-Spectralis/imgs_IRF/TRAIN047_4.png,/storage/workspaces/artorg_aimi/ws_00000/Negin/RETOUCH/img_dataset2/RETOUCH-TrainingSet-Spectralis/IRF/TRAIN047_4.png
6,/storage/workspaces/artorg_aimi/ws_00000/Negin/RETOUCH/img_dataset2/RETOUCH-TrainingSet-Spectralis/imgs_IRF/TRAIN047_1.png,/storage/workspaces/artorg_aimi/ws_00000/Negin/RETOUCH/img_dataset2/RETOUCH-TrainingSet-Spectralis/IRF/TRAIN047_1.png
7,/storage/workspaces/artorg_aimi/ws_00000/Negin/RETOUCH/img_dataset2/RETOUCH-TrainingSet-Spectralis/imgs_IRF/TRAIN046_32.png,/storage/workspaces/artorg_aimi/ws_00000/Negin/RETOUCH/img_dataset2/RETOUCH-TrainingSet-Spectralis/IRF/TRAIN046_32.png
8,/storage/workspaces/artorg_aimi/ws_00000/Negin/RETOUCH/img_dataset2/RETOUCH-TrainingSet-Spectralis/imgs_IRF/TRAIN046_26.png,/storage/workspaces/artorg_aimi/ws_00000/Negin/RETOUCH/img_dataset2/RETOUCH-TrainingSet-Spectralis/IRF/TRAIN046_26.png
9,/storage/workspaces/artorg_aimi/ws_00000/Negin/RETOUCH/img_dataset2/RETOUCH-TrainingSet-Spectralis/imgs_IRF/TRAIN046_25.png,/storage/workspaces/artorg_aimi/ws_00000/Negin/RETOUCH/img_dataset2/RETOUCH-TrainingSet-Spectralis/IRF/TRAIN046_25.png
10,/storage/workspaces/artorg_aimi/ws_00000/Negin/RETOUCH/img_dataset2/RETOUCH-TrainingSet-Spectralis/imgs_IRF/TRAIN046_42.png,/storage/workspaces/artorg_aimi/ws_00000/Negin/RETOUCH/img_dataset2/RETOUCH-TrainingSet-Spectralis/IRF/TRAIN046_42.png
11,/storage/workspaces/artorg_aimi/ws_00000/Negin/RETOUCH/img_dataset2/RETOUCH-TrainingSet-Spectralis/imgs_IRF/TRAIN046_37.png,/storage/workspaces/artorg_aimi/ws_00000/Negin/RETOUCH/img_dataset2/RETOUCH-TrainingSet-Spectralis/IRF/TRAIN046_37.png
12,/storage/workspaces/artorg_aimi/ws_00000/Negin/RETOUCH/img_dataset2/RETOUCH-TrainingSet-Spectralis/imgs_IRF/TRAIN048_23.png,/storage/workspaces/artorg_aimi/ws_00000/Negin/RETOUCH/img_dataset2/RETOUCH-TrainingSet-Spectralis/IRF/TRAIN048_23.png
13,/storage/workspaces/artorg_aimi/ws_00000/Negin/RETOUCH/img_dataset2/RETOUCH-TrainingSet-Spectralis/imgs_IRF/TRAIN047_24.png,/storage/workspaces/artorg_aimi/ws_00000/Negin/RETOUCH/img_dataset2/RETOUCH-TrainingSet-Spectralis/IRF/TRAIN047_24.png
14,/storage/workspaces/artorg_aimi/ws_00000/Negin/RETOUCH/img_dataset2/RETOUCH-TrainingSet-Spectralis/imgs_IRF/TRAIN026_26.png,/storage/workspaces/artorg_aimi/ws_00000/Negin/RETOUCH/img_dataset2/RETOUCH-TrainingSet-Spectralis/IRF/TRAIN026_26.png
15,/storage/workspaces/artorg_aimi/ws_00000/Negin/RETOUCH/img_dataset2/RETOUCH-TrainingSet-Spectralis/imgs_IRF/TRAIN047_18.png,/storage/workspaces/artorg_aimi/ws_00000/Negin/RETOUCH/img_dataset2/RETOUCH-TrainingSet-Spectralis/IRF/TRAIN047_18.png
16,/storage/workspaces/artorg_aimi/ws_00000/Negin/RETOUCH/img_dataset2/RETOUCH-TrainingSet-Spectralis/imgs_IRF/TRAIN026_25.png,/storage/workspaces/artorg_aimi/ws_00000/Negin/RETOUCH/img_dataset2/RETOUCH-TrainingSet-Spectralis/IRF/TRAIN026_25.png
17,/storage/workspaces/artorg_aimi/ws_00000/Negin/RETOUCH/img_dataset2/RETOUCH-TrainingSet-Spectralis/imgs_IRF/TRAIN047_15.png,/storage/workspaces/artorg_aimi/ws_00000/Negin/RETOUCH/img_dataset2/RETOUCH-TrainingSet-Spectralis/IRF/TRAIN047_15.png
18,/storage/workspaces/artorg_aimi/ws_00000/Negin/RETOUCH/img_dataset2/RETOUCH-TrainingSet-Spectralis/imgs_IRF/TRAIN046_28.png,/storage/workspaces/artorg_aimi/ws_00000/Negin/RETOUCH/img_dataset2/RETOUCH-TrainingSet-Spectralis/IRF/TRAIN046_28.png
19,/storage/workspaces/artorg_aimi/ws_00000/Negin/RETOUCH/img_dataset2/RETOUCH-TrainingSet-Spectralis/imgs_IRF/TRAIN048_42.png,/storage/workspaces/artorg_aimi/ws_00000/Negin/RETOUCH/img_dataset2/RETOUCH-TrainingSet-Spectralis/IRF/TRAIN048_42.png
20,/storage/workspaces/artorg_aimi/ws_00000/Negin/RETOUCH/img_dataset2/RETOUCH-TrainingSet-Spectralis/imgs_IRF/TRAIN046_13.png,/storage/workspaces/artorg_aimi/ws_00000/Negin/RETOUCH/img_dataset2/RETOUCH-TrainingSet-Spectralis/IRF/TRAIN046_13.png
21,/storage/workspaces/artorg_aimi/ws_00000/Negin/RETOUCH/img_dataset2/RETOUCH-TrainingSet-Spectralis/imgs_IRF/TRAIN046_29.png,/storage/workspaces/artorg_aimi/ws_00000/Negin/RETOUCH/img_dataset2/RETOUCH-TrainingSet-Spectralis/IRF/TRAIN046_29.png
22,/storage/workspaces/artorg_aimi/ws_00000/Negin/RETOUCH/img_dataset2/RETOUCH-TrainingSet-Spectralis/imgs_IRF/TRAIN046_22.png,/storage/workspaces/artorg_aimi/ws_00000/Negin/RETOUCH/img_dataset2/RETOUCH-TrainingSet-Spectralis/IRF/TRAIN046_22.png
23,/storage/workspaces/artorg_aimi/ws_00000/Negin/RETOUCH/img_dataset2/RETOUCH-TrainingSet-Spectralis/imgs_IRF/TRAIN046_16.png,/storage/workspaces/artorg_aimi/ws_00000/Negin/RETOUCH/img_dataset2/RETOUCH-TrainingSet-Spectralis/IRF/TRAIN046_16.png
24,/storage/workspaces/artorg_aimi/ws_00000/Negin/RETOUCH/img_dataset2/RETOUCH-TrainingSet-Spectralis/imgs_IRF/TRAIN046_47.png,/storage/workspaces/artorg_aimi/ws_00000/Negin/RETOUCH/img_dataset2/RETOUCH-TrainingSet-Spectralis/IRF/TRAIN046_47.png
25,/storage/workspaces/artorg_aimi/ws_00000/Negin/RETOUCH/img_dataset2/RETOUCH-TrainingSet-Spectralis/imgs_IRF/TRAIN046_18.png,/storage/workspaces/artorg_aimi/ws_00000/Negin/RETOUCH/img_dataset2/RETOUCH-TrainingSet-Spectralis/IRF/TRAIN046_18.png
26,/storage/workspaces/artorg_aimi/ws_00000/Negin/RETOUCH/img_dataset2/RETOUCH-TrainingSet-Spectralis/imgs_IRF/TRAIN046_48.png,/storage/workspaces/artorg_aimi/ws_00000/Negin/RETOUCH/img_dataset2/RETOUCH-TrainingSet-Spectralis/IRF/TRAIN046_48.png
27,/storage/workspaces/artorg_aimi/ws_00000/Negin/RETOUCH/img_dataset2/RETOUCH-TrainingSet-Spectralis/imgs_IRF/TRAIN048_27.png,/storage/workspaces/artorg_aimi/ws_00000/Negin/RETOUCH/img_dataset2/RETOUCH-TrainingSet-Spectralis/IRF/TRAIN048_27.png
28,/storage/workspaces/artorg_aimi/ws_00000/Negin/RETOUCH/img_dataset2/RETOUCH-TrainingSet-Spectralis/imgs_IRF/TRAIN048_22.png,/storage/workspaces/artorg_aimi/ws_00000/Negin/RETOUCH/img_dataset2/RETOUCH-TrainingSet-Spectralis/IRF/TRAIN048_22.png
29,/storage/workspaces/artorg_aimi/ws_00000/Negin/RETOUCH/img_dataset2/RETOUCH-TrainingSet-Spectralis/imgs_IRF/TRAIN046_19.png,/storage/workspaces/artorg_aimi/ws_00000/Negin/RETOUCH/img_dataset2/RETOUCH-TrainingSet-Spectralis/IRF/TRAIN046_19.png
30,/storage/workspaces/artorg_aimi/ws_00000/Negin/RETOUCH/img_dataset2/RETOUCH-TrainingSet-Spectralis/imgs_IRF/TRAIN046_45.png,/storage/workspaces/artorg_aimi/ws_00000/Negin/RETOUCH/img_dataset2/RETOUCH-TrainingSet-Spectralis/IRF/TRAIN046_45.png
31,/storage/workspaces/artorg_aimi/ws_00000/Negin/RETOUCH/img_dataset2/RETOUCH-TrainingSet-Spectralis/imgs_IRF/TRAIN046_17.png,/storage/workspaces/artorg_aimi/ws_00000/Negin/RETOUCH/img_dataset2/RETOUCH-TrainingSet-Spectralis/IRF/TRAIN046_17.png
32,/storage/workspaces/artorg_aimi/ws_00000/Negin/RETOUCH/img_dataset2/RETOUCH-TrainingSet-Spectralis/imgs_IRF/TRAIN046_35.png,/storage/workspaces/artorg_aimi/ws_00000/Negin/RETOUCH/img_dataset2/RETOUCH-TrainingSet-Spectralis/IRF/TRAIN046_35.png
33,/storage/workspaces/artorg_aimi/ws_00000/Negin/RETOUCH/img_dataset2/RETOUCH-TrainingSet-Spectralis/imgs_IRF/TRAIN046_27.png,/storage/workspaces/artorg_aimi/ws_00000/Negin/RETOUCH/img_dataset2/RETOUCH-TrainingSet-Spectralis/IRF/TRAIN046_27.png
34,/storage/workspaces/artorg_aimi/ws_00000/Negin/RETOUCH/img_dataset2/RETOUCH-TrainingSet-Spectralis/imgs_IRF/TRAIN047_19.png,/storage/workspaces/artorg_aimi/ws_00000/Negin/RETOUCH/img_dataset2/RETOUCH-TrainingSet-Spectralis/IRF/TRAIN047_19.png
35,/storage/workspaces/artorg_aimi/ws_00000/Negin/RETOUCH/img_dataset2/RETOUCH-TrainingSet-Spectralis/imgs_IRF/TRAIN047_10.png,/storage/workspaces/artorg_aimi/ws_00000/Negin/RETOUCH/img_dataset2/RETOUCH-TrainingSet-Spectralis/IRF/TRAIN047_10.png
36,/storage/workspaces/artorg_aimi/ws_00000/Negin/RETOUCH/img_dataset2/RETOUCH-TrainingSet-Spectralis/imgs_IRF/TRAIN046_15.png,/storage/workspaces/artorg_aimi/ws_00000/Negin/RETOUCH/img_dataset2/RETOUCH-TrainingSet-Spectralis/IRF/TRAIN046_15.png
37,/storage/workspaces/artorg_aimi/ws_00000/Negin/RETOUCH/img_dataset2/RETOUCH-TrainingSet-Spectralis/imgs_IRF/TRAIN048_20.png,/storage/workspaces/artorg_aimi/ws_00000/Negin/RETOUCH/img_dataset2/RETOUCH-TrainingSet-Spectralis/IRF/TRAIN048_20.png
38,/storage/workspaces/artorg_aimi/ws_00000/Negin/RETOUCH/img_dataset2/RETOUCH-TrainingSet-Spectralis/imgs_IRF/TRAIN048_41.png,/storage/workspaces/artorg_aimi/ws_00000/Negin/RETOUCH/img_dataset2/RETOUCH-TrainingSet-Spectralis/IRF/TRAIN048_41.png
39,/storage/workspaces/artorg_aimi/ws_00000/Negin/RETOUCH/img_dataset2/RETOUCH-TrainingSet-Spectralis/imgs_IRF/TRAIN046_41.png,/storage/workspaces/artorg_aimi/ws_00000/Negin/RETOUCH/img_dataset2/RETOUCH-TrainingSet-Spectralis/IRF/TRAIN046_41.png
40,/storage/workspaces/artorg_aimi/ws_00000/Negin/RETOUCH/img_dataset2/RETOUCH-TrainingSet-Spectralis/imgs_IRF/TRAIN048_31.png,/storage/workspaces/artorg_aimi/ws_00000/Negin/RETOUCH/img_dataset2/RETOUCH-TrainingSet-Spectralis/IRF/TRAIN048_31.png
41,/storage/workspaces/artorg_aimi/ws_00000/Negin/RETOUCH/img_dataset2/RETOUCH-TrainingSet-Spectralis/imgs_IRF/TRAIN046_39.png,/storage/workspaces/artorg_aimi/ws_00000/Negin/RETOUCH/img_dataset2/RETOUCH-TrainingSet-Spectralis/IRF/TRAIN046_39.png
42,/storage/workspaces/artorg_aimi/ws_00000/Negin/RETOUCH/img_dataset2/RETOUCH-TrainingSet-Spectralis/imgs_IRF/TRAIN046_30.png,/storage/workspaces/artorg_aimi/ws_00000/Negin/RETOUCH/img_dataset2/RETOUCH-TrainingSet-Spectralis/IRF/TRAIN046_30.png
43,/storage/workspaces/artorg_aimi/ws_00000/Negin/RETOUCH/img_dataset2/RETOUCH-TrainingSet-Spectralis/imgs_IRF/TRAIN047_20.png,/storage/workspaces/artorg_aimi/ws_00000/Negin/RETOUCH/img_dataset2/RETOUCH-TrainingSet-Spectralis/IRF/TRAIN047_20.png
44,/storage/workspaces/artorg_aimi/ws_00000/Negin/RETOUCH/img_dataset2/RETOUCH-TrainingSet-Spectralis/imgs_IRF/TRAIN048_32.png,/storage/workspaces/artorg_aimi/ws_00000/Negin/RETOUCH/img_dataset2/RETOUCH-TrainingSet-Spectralis/IRF/TRAIN048_32.png
45,/storage/workspaces/artorg_aimi/ws_00000/Negin/RETOUCH/img_dataset2/RETOUCH-TrainingSet-Spectralis/imgs_IRF/TRAIN026_24.png,/storage/workspaces/artorg_aimi/ws_00000/Negin/RETOUCH/img_dataset2/RETOUCH-TrainingSet-Spectralis/IRF/TRAIN026_24.png
46,/storage/workspaces/artorg_aimi/ws_00000/Negin/RETOUCH/img_dataset2/RETOUCH-TrainingSet-Spectralis/imgs_IRF/TRAIN048_48.png,/storage/workspaces/artorg_aimi/ws_00000/Negin/RETOUCH/img_dataset2/RETOUCH-TrainingSet-Spectralis/IRF/TRAIN048_48.png
47,/storage/workspaces/artorg_aimi/ws_00000/Negin/RETOUCH/img_dataset2/RETOUCH-TrainingSet-Spectralis/imgs_IRF/TRAIN047_22.png,/storage/workspaces/artorg_aimi/ws_00000/Negin/RETOUCH/img_dataset2/RETOUCH-TrainingSet-Spectralis/IRF/TRAIN047_22.png
48,/storage/workspaces/artorg_aimi/ws_00000/Negin/RETOUCH/img_dataset2/RETOUCH-TrainingSet-Spectralis/imgs_IRF/TRAIN046_36.png,/storage/workspaces/artorg_aimi/ws_00000/Negin/RETOUCH/img_dataset2/RETOUCH-TrainingSet-Spectralis/IRF/TRAIN046_36.png
49,/storage/workspaces/artorg_aimi/ws_00000/Negin/RETOUCH/img_dataset2/RETOUCH-TrainingSet-Spectralis/imgs_IRF/TRAIN047_17.png,/storage/workspaces/artorg_aimi/ws_00000/Negin/RETOUCH/img_dataset2/RETOUCH-TrainingSet-Spectralis/IRF/TRAIN047_17.png
50,/storage/workspaces/artorg_aimi/ws_00000/Negin/RETOUCH/img_dataset2/RETOUCH-TrainingSet-Spectralis/imgs_IRF/TRAIN048_30.png,/storage/workspaces/artorg_aimi/ws_00000/Negin/RETOUCH/img_dataset2/RETOUCH-TrainingSet-Spectralis/IRF/TRAIN048_30.png
51,/storage/workspaces/artorg_aimi/ws_00000/Negin/RETOUCH/img_dataset2/RETOUCH-TrainingSet-Spectralis/imgs_IRF/TRAIN048_25.png,/storage/workspaces/artorg_aimi/ws_00000/Negin/RETOUCH/img_dataset2/RETOUCH-TrainingSet-Spectralis/IRF/TRAIN048_25.png
52,/storage/workspaces/artorg_aimi/ws_00000/Negin/RETOUCH/img_dataset2/RETOUCH-TrainingSet-Spectralis/imgs_IRF/TRAIN047_5.png,/storage/workspaces/artorg_aimi/ws_00000/Negin/RETOUCH/img_dataset2/RETOUCH-TrainingSet-Spectralis/IRF/TRAIN047_5.png
53,/storage/workspaces/artorg_aimi/ws_00000/Negin/RETOUCH/img_dataset2/RETOUCH-TrainingSet-Spectralis/imgs_IRF/TRAIN047_6.png,/storage/workspaces/artorg_aimi/ws_00000/Negin/RETOUCH/img_dataset2/RETOUCH-TrainingSet-Spectralis/IRF/TRAIN047_6.png
54,/storage/workspaces/artorg_aimi/ws_00000/Negin/RETOUCH/img_dataset2/RETOUCH-TrainingSet-Spectralis/imgs_IRF/TRAIN046_43.png,/storage/workspaces/artorg_aimi/ws_00000/Negin/RETOUCH/img_dataset2/RETOUCH-TrainingSet-Spectralis/IRF/TRAIN046_43.png
55,/storage/workspaces/artorg_aimi/ws_00000/Negin/RETOUCH/img_dataset2/RETOUCH-TrainingSet-Spectralis/imgs_IRF/TRAIN026_20.png,/storage/workspaces/artorg_aimi/ws_00000/Negin/RETOUCH/img_dataset2/RETOUCH-TrainingSet-Spectralis/IRF/TRAIN026_20.png
56,/storage/workspaces/artorg_aimi/ws_00000/Negin/RETOUCH/img_dataset2/RETOUCH-TrainingSet-Spectralis/imgs_IRF/TRAIN048_43.png,/storage/workspaces/artorg_aimi/ws_00000/Negin/RETOUCH/img_dataset2/RETOUCH-TrainingSet-Spectralis/IRF/TRAIN048_43.png
57,/storage/workspaces/artorg_aimi/ws_00000/Negin/RETOUCH/img_dataset2/RETOUCH-TrainingSet-Spectralis/imgs_IRF/TRAIN048_47.png,/storage/workspaces/artorg_aimi/ws_00000/Negin/RETOUCH/img_dataset2/RETOUCH-TrainingSet-Spectralis/IRF/TRAIN048_47.png
58,/storage/workspaces/artorg_aimi/ws_00000/Negin/RETOUCH/img_dataset2/RETOUCH-TrainingSet-Spectralis/imgs_IRF/TRAIN047_11.png,/storage/workspaces/artorg_aimi/ws_00000/Negin/RETOUCH/img_dataset2/RETOUCH-TrainingSet-Spectralis/IRF/TRAIN047_11.png
59,/storage/workspaces/artorg_aimi/ws_00000/Negin/RETOUCH/img_dataset2/RETOUCH-TrainingSet-Spectralis/imgs_IRF/TRAIN026_17.png,/storage/workspaces/artorg_aimi/ws_00000/Negin/RETOUCH/img_dataset2/RETOUCH-TrainingSet-Spectralis/IRF/TRAIN026_17.png
60,/storage/workspaces/artorg_aimi/ws_00000/Negin/RETOUCH/img_dataset2/RETOUCH-TrainingSet-Spectralis/imgs_IRF/TRAIN048_45.png,/storage/workspaces/artorg_aimi/ws_00000/Negin/RETOUCH/img_dataset2/RETOUCH-TrainingSet-Spectralis/IRF/TRAIN048_45.png
61,/storage/workspaces/artorg_aimi/ws_00000/Negin/RETOUCH/img_dataset2/RETOUCH-TrainingSet-Spectralis/imgs_IRF/TRAIN046_38.png,/storage/workspaces/artorg_aimi/ws_00000/Negin/RETOUCH/img_dataset2/RETOUCH-TrainingSet-Spectralis/IRF/TRAIN046_38.png
62,/storage/workspaces/artorg_aimi/ws_00000/Negin/RETOUCH/img_dataset2/RETOUCH-TrainingSet-Spectralis/imgs_IRF/TRAIN046_14.png,/storage/workspaces/artorg_aimi/ws_00000/Negin/RETOUCH/img_dataset2/RETOUCH-TrainingSet-Spectralis/IRF/TRAIN046_14.png
63,/storage/workspaces/artorg_aimi/ws_00000/Negin/RETOUCH/img_dataset2/RETOUCH-TrainingSet-Spectralis/imgs_IRF/TRAIN047_14.png,/storage/workspaces/artorg_aimi/ws_00000/Negin/RETOUCH/img_dataset2/RETOUCH-TrainingSet-Spectralis/IRF/TRAIN047_14.png
64,/storage/workspaces/artorg_aimi/ws_00000/Negin/RETOUCH/img_dataset2/RETOUCH-TrainingSet-Spectralis/imgs_IRF/TRAIN026_23.png,/storage/workspaces/artorg_aimi/ws_00000/Negin/RETOUCH/img_dataset2/RETOUCH-TrainingSet-Spectralis/IRF/TRAIN026_23.png
65,/storage/workspaces/artorg_aimi/ws_00000/Negin/RETOUCH/img_dataset2/RETOUCH-TrainingSet-Spectralis/imgs_IRF/TRAIN046_20.png,/storage/workspaces/artorg_aimi/ws_00000/Negin/RETOUCH/img_dataset2/RETOUCH-TrainingSet-Spectralis/IRF/TRAIN046_20.png
66,/storage/workspaces/artorg_aimi/ws_00000/Negin/RETOUCH/img_dataset2/RETOUCH-TrainingSet-Spectralis/imgs_IRF/TRAIN047_16.png,/storage/workspaces/artorg_aimi/ws_00000/Negin/RETOUCH/img_dataset2/RETOUCH-TrainingSet-Spectralis/IRF/TRAIN047_16.png
67,/storage/workspaces/artorg_aimi/ws_00000/Negin/RETOUCH/img_dataset2/RETOUCH-TrainingSet-Spectralis/imgs_IRF/TRAIN047_8.png,/storage/workspaces/artorg_aimi/ws_00000/Negin/RETOUCH/img_dataset2/RETOUCH-TrainingSet-Spectralis/IRF/TRAIN047_8.png
68,/storage/workspaces/artorg_aimi/ws_00000/Negin/RETOUCH/img_dataset2/RETOUCH-TrainingSet-Spectralis/imgs_IRF/TRAIN048_29.png,/storage/workspaces/artorg_aimi/ws_00000/Negin/RETOUCH/img_dataset2/RETOUCH-TrainingSet-Spectralis/IRF/TRAIN048_29.png
69,/storage/workspaces/artorg_aimi/ws_00000/Negin/RETOUCH/img_dataset2/RETOUCH-TrainingSet-Spectralis/imgs_IRF/TRAIN047_21.png,/storage/workspaces/artorg_aimi/ws_00000/Negin/RETOUCH/img_dataset2/RETOUCH-TrainingSet-Spectralis/IRF/TRAIN047_21.png
70,/storage/workspaces/artorg_aimi/ws_00000/Negin/RETOUCH/img_dataset2/RETOUCH-TrainingSet-Spectralis/imgs_IRF/TRAIN046_21.png,/storage/workspaces/artorg_aimi/ws_00000/Negin/RETOUCH/img_dataset2/RETOUCH-TrainingSet-Spectralis/IRF/TRAIN046_21.png
71,/storage/workspaces/artorg_aimi/ws_00000/Negin/RETOUCH/img_dataset2/RETOUCH-TrainingSet-Spectralis/imgs_IRF/TRAIN048_34.png,/storage/workspaces/artorg_aimi/ws_00000/Negin/RETOUCH/img_dataset2/RETOUCH-TrainingSet-Spectralis/IRF/TRAIN048_34.png
72,/storage/workspaces/artorg_aimi/ws_00000/Negin/RETOUCH/img_dataset2/RETOUCH-TrainingSet-Spectralis/imgs_IRF/TRAIN047_12.png,/storage/workspaces/artorg_aimi/ws_00000/Negin/RETOUCH/img_dataset2/RETOUCH-TrainingSet-Spectralis/IRF/TRAIN047_12.png
73,/storage/workspaces/artorg_aimi/ws_00000/Negin/RETOUCH/img_dataset2/RETOUCH-TrainingSet-Spectralis/imgs_IRF/TRAIN026_28.png,/storage/workspaces/artorg_aimi/ws_00000/Negin/RETOUCH/img_dataset2/RETOUCH-TrainingSet-Spectralis/IRF/TRAIN026_28.png
74,/storage/workspaces/artorg_aimi/ws_00000/Negin/RETOUCH/img_dataset2/RETOUCH-TrainingSet-Spectralis/imgs_IRF/TRAIN048_35.png,/storage/workspaces/artorg_aimi/ws_00000/Negin/RETOUCH/img_dataset2/RETOUCH-TrainingSet-Spectralis/IRF/TRAIN048_35.png
75,/storage/workspaces/artorg_aimi/ws_00000/Negin/RETOUCH/img_dataset2/RETOUCH-TrainingSet-Spectralis/imgs_IRF/TRAIN047_7.png,/storage/workspaces/artorg_aimi/ws_00000/Negin/RETOUCH/img_dataset2/RETOUCH-TrainingSet-Spectralis/IRF/TRAIN047_7.png
76,/storage/workspaces/artorg_aimi/ws_00000/Negin/RETOUCH/img_dataset2/RETOUCH-TrainingSet-Spectralis/imgs_IRF/TRAIN048_19.png,/storage/workspaces/artorg_aimi/ws_00000/Negin/RETOUCH/img_dataset2/RETOUCH-TrainingSet-Spectralis/IRF/TRAIN048_19.png
77,/storage/workspaces/artorg_aimi/ws_00000/Negin/RETOUCH/img_dataset2/RETOUCH-TrainingSet-Spectralis/imgs_IRF/TRAIN046_33.png,/storage/workspaces/artorg_aimi/ws_00000/Negin/RETOUCH/img_dataset2/RETOUCH-TrainingSet-Spectralis/IRF/TRAIN046_33.png
78,/storage/workspaces/artorg_aimi/ws_00000/Negin/RETOUCH/img_dataset2/RETOUCH-TrainingSet-Spectralis/imgs_IRF/TRAIN048_40.png,/storage/workspaces/artorg_aimi/ws_00000/Negin/RETOUCH/img_dataset2/RETOUCH-TrainingSet-Spectralis/IRF/TRAIN048_40.png
79,/storage/workspaces/artorg_aimi/ws_00000/Negin/RETOUCH/img_dataset2/RETOUCH-TrainingSet-Spectralis/imgs_IRF/TRAIN046_44.png,/storage/workspaces/artorg_aimi/ws_00000/Negin/RETOUCH/img_dataset2/RETOUCH-TrainingSet-Spectralis/IRF/TRAIN046_44.png
80,/storage/workspaces/artorg_aimi/ws_00000/Negin/RETOUCH/img_dataset2/RETOUCH-TrainingSet-Spectralis/imgs_IRF/TRAIN026_27.png,/storage/workspaces/artorg_aimi/ws_00000/Negin/RETOUCH/img_dataset2/RETOUCH-TrainingSet-Spectralis/IRF/TRAIN026_27.png
81,/storage/workspaces/artorg_aimi/ws_00000/Negin/RETOUCH/img_dataset2/RETOUCH-TrainingSet-Spectralis/imgs_IRF/TRAIN048_24.png,/storage/workspaces/artorg_aimi/ws_00000/Negin/RETOUCH/img_dataset2/RETOUCH-TrainingSet-Spectralis/IRF/TRAIN048_24.png
82,/storage/workspaces/artorg_aimi/ws_00000/Negin/RETOUCH/img_dataset2/RETOUCH-TrainingSet-Spectralis/imgs_IRF/TRAIN047_13.png,/storage/workspaces/artorg_aimi/ws_00000/Negin/RETOUCH/img_dataset2/RETOUCH-TrainingSet-Spectralis/IRF/TRAIN047_13.png
83,/storage/workspaces/artorg_aimi/ws_00000/Negin/RETOUCH/img_dataset2/RETOUCH-TrainingSet-Spectralis/imgs_IRF/TRAIN048_38.png,/storage/workspaces/artorg_aimi/ws_00000/Negin/RETOUCH/img_dataset2/RETOUCH-TrainingSet-Spectralis/IRF/TRAIN048_38.png
84,/storage/workspaces/artorg_aimi/ws_00000/Negin/RETOUCH/img_dataset2/RETOUCH-TrainingSet-Spectralis/imgs_IRF/TRAIN046_46.png,/storage/workspaces/artorg_aimi/ws_00000/Negin/RETOUCH/img_dataset2/RETOUCH-TrainingSet-Spectralis/IRF/TRAIN046_46.png
85,/storage/workspaces/artorg_aimi/ws_00000/Negin/RETOUCH/img_dataset2/RETOUCH-TrainingSet-Spectralis/imgs_IRF/TRAIN047_23.png,/storage/workspaces/artorg_aimi/ws_00000/Negin/RETOUCH/img_dataset2/RETOUCH-TrainingSet-Spectralis/IRF/TRAIN047_23.png
86,/storage/workspaces/artorg_aimi/ws_00000/Negin/RETOUCH/img_dataset2/RETOUCH-TrainingSet-Spectralis/imgs_IRF/TRAIN026_19.png,/storage/workspaces/artorg_aimi/ws_00000/Negin/RETOUCH/img_dataset2/RETOUCH-TrainingSet-Spectralis/IRF/TRAIN026_19.png
87,/storage/workspaces/artorg_aimi/ws_00000/Negin/RETOUCH/img_dataset2/RETOUCH-TrainingSet-Spectralis/imgs_IRF/TRAIN048_46.png,/storage/workspaces/artorg_aimi/ws_00000/Negin/RETOUCH/img_dataset2/RETOUCH-TrainingSet-Spectralis/IRF/TRAIN048_46.png
88,/storage/workspaces/artorg_aimi/ws_00000/Negin/RETOUCH/img_dataset2/RETOUCH-TrainingSet-Spectralis/imgs_IRF/TRAIN046_31.png,/storage/workspaces/artorg_aimi/ws_00000/Negin/RETOUCH/img_dataset2/RETOUCH-TrainingSet-Spectralis/IRF/TRAIN046_31.png
89,/storage/workspaces/artorg_aimi/ws_00000/Negin/RETOUCH/img_dataset2/RETOUCH-TrainingSet-Spectralis/imgs_IRF/TRAIN047_9.png,/storage/workspaces/artorg_aimi/ws_00000/Negin/RETOUCH/img_dataset2/RETOUCH-TrainingSet-Spectralis/IRF/TRAIN047_9.png
90,/storage/workspaces/artorg_aimi/ws_00000/Negin/RETOUCH/img_dataset2/RETOUCH-TrainingSet-Spectralis/imgs_IRF/TRAIN047_2.png,/storage/workspaces/artorg_aimi/ws_00000/Negin/RETOUCH/img_dataset2/RETOUCH-TrainingSet-Spectralis/IRF/TRAIN047_2.png
91,/storage/workspaces/artorg_aimi/ws_00000/Negin/RETOUCH/img_dataset2/RETOUCH-TrainingSet-Spectralis/imgs_IRF/TRAIN048_36.png,/storage/workspaces/artorg_aimi/ws_00000/Negin/RETOUCH/img_dataset2/RETOUCH-TrainingSet-Spectralis/IRF/TRAIN048_36.png
92,/storage/workspaces/artorg_aimi/ws_00000/Negin/RETOUCH/img_dataset2/RETOUCH-TrainingSet-Spectralis/imgs_IRF/TRAIN026_21.png,/storage/workspaces/artorg_aimi/ws_00000/Negin/RETOUCH/img_dataset2/RETOUCH-TrainingSet-Spectralis/IRF/TRAIN026_21.png
93,/storage/workspaces/artorg_aimi/ws_00000/Negin/RETOUCH/img_dataset2/RETOUCH-TrainingSet-Spectralis/imgs_IRF/TRAIN047_0.png,/storage/workspaces/artorg_aimi/ws_00000/Negin/RETOUCH/img_dataset2/RETOUCH-TrainingSet-Spectralis/IRF/TRAIN047_0.png
94,/storage/workspaces/artorg_aimi/ws_00000/Negin/RETOUCH/img_dataset2/RETOUCH-TrainingSet-Spectralis/imgs_IRF/TRAIN046_40.png,/storage/workspaces/artorg_aimi/ws_00000/Negin/RETOUCH/img_dataset2/RETOUCH-TrainingSet-Spectralis/IRF/TRAIN046_40.png
95,/storage/workspaces/artorg_aimi/ws_00000/Negin/RETOUCH/img_dataset2/RETOUCH-TrainingSet-Spectralis/imgs_IRF/TRAIN048_44.png,/storage/workspaces/artorg_aimi/ws_00000/Negin/RETOUCH/img_dataset2/RETOUCH-TrainingSet-Spectralis/IRF/TRAIN048_44.png
96,/storage/workspaces/artorg_aimi/ws_00000/Negin/RETOUCH/img_dataset2/RETOUCH-TrainingSet-Spectralis/imgs_IRF/TRAIN046_24.png,/storage/workspaces/artorg_aimi/ws_00000/Negin/RETOUCH/img_dataset2/RETOUCH-TrainingSet-Spectralis/IRF/TRAIN046_24.png
97,/storage/workspaces/artorg_aimi/ws_00000/Negin/RETOUCH/img_dataset2/RETOUCH-TrainingSet-Spectralis/imgs_IRF/TRAIN048_37.png,/storage/workspaces/artorg_aimi/ws_00000/Negin/RETOUCH/img_dataset2/RETOUCH-TrainingSet-Spectralis/IRF/TRAIN048_37.png
98,/storage/workspaces/artorg_aimi/ws_00000/Negin/RETOUCH/img_dataset2/RETOUCH-TrainingSet-Spectralis/imgs_IRF/TRAIN048_33.png,/storage/workspaces/artorg_aimi/ws_00000/Negin/RETOUCH/img_dataset2/RETOUCH-TrainingSet-Spectralis/IRF/TRAIN048_33.png
99,/storage/workspaces/artorg_aimi/ws_00000/Negin/RETOUCH/img_dataset2/RETOUCH-TrainingSet-Spectralis/imgs_IRF/TRAIN048_21.png,/storage/workspaces/artorg_aimi/ws_00000/Negin/RETOUCH/img_dataset2/RETOUCH-TrainingSet-Spectralis/IRF/TRAIN048_21.png
100,/storage/workspaces/artorg_aimi/ws_00000/Negin/RETOUCH/img_dataset2/RETOUCH-TrainingSet-Spectralis/imgs_IRF/TRAIN048_26.png,/storage/workspaces/artorg_aimi/ws_00000/Negin/RETOUCH/img_dataset2/RETOUCH-TrainingSet-Spectralis/IRF/TRAIN048_26.png
101,/storage/workspaces/artorg_aimi/ws_00000/Negin/RETOUCH/img_dataset2/RETOUCH-TrainingSet-Spectralis/imgs_IRF/TRAIN026_22.png,/storage/workspaces/artorg_aimi/ws_00000/Negin/RETOUCH/img_dataset2/RETOUCH-TrainingSet-Spectralis/IRF/TRAIN026_22.png
